"행정구","행정동","20~24세","25~29세","30~34세","35~39세","청년인구","사업체수","종사자수","혼인","대학 수","교통밀접도","완전월세액","행정동코드"
"종로구","사직동",496,741,721,720,2678,3574,47522,40,0,31,2827.08974358974,1101053
"종로구","삼청동",141,179,167,192,679,732,4601,22,0,15,3230,1101054
"종로구","부암동",618,722,603,636,2579,599,3454,34,1,34,1087.83333333333,1101055
"종로구","평창동",1161,1290,1027,1209,4687,761,3447,58,0,57,850.666666666667,1101056
"종로구","무악동",488,448,397,546,1879,647,1644,18,0,4,974.583333333333,1101057
"종로구","교남동",572,705,813,895,2985,413,4581,47,1,24,3646.55869565217,1101058
"종로구","가회동",224,271,250,322,1067,765,12817,11,0,22,2708.08333333333,1101060
"종로구","종로1.2.3.4가동",324,556,477,465,1822,15472,108747,36,1,72,551.238095238095,1101061
"종로구","종로5.6가동",392,688,427,283,1790,7238,24537,23,0,17,1236.78571428571,1101063
"종로구","이화동",595,1085,750,489,2919,1191,17244,32,2,22,1939.62345679012,1101064
"종로구","창신1동",273,336,284,255,1148,2179,5907,23,0,8,973.333333333333,1101067
"종로구","창신2동",532,634,479,415,2060,864,2216,37,0,6,2227.77777777778,1101068
"종로구","창신3동",442,524,462,499,1927,281,895,31,0,6,65.5555555555556,1101069
"종로구","숭인1동",356,452,388,438,1634,493,1545,30,0,8,1647.40740740741,1101070
"종로구","숭인2동",747,1345,900,661,3653,1747,6886,34,0,13,993.348333333333,1101071
"종로구","청운효자동",775,821,764,930,3290,1028,5656,38,1,26,1474.48717948718,1101072
"종로구","혜화동",2338,2145,1175,904,6562,1695,8747,51,0,32,1248.74380165289,1101073
"중구","소공동",81,138,195,224,638,3849,64144,15,0,28,633.888888888889,1102052
"중구","회현동",201,310,271,266,1048,8566,45216,18,0,38,883.095238095238,1102054
"중구","명동",132,225,194,193,744,6965,110390,8,0,30,1038.96296296296,1102055
"중구","필동",361,365,326,296,1348,2886,22404,23,2,13,1069.34920634921,1102057
"중구","장충동",671,585,359,305,1920,819,9181,11,0,12,1350.42916666667,1102058
"중구","광희동",347,549,456,363,1715,8472,36451,29,0,26,754.39898989899,1102059
"중구","을지로동",55,135,177,124,491,8812,35333,13,0,24,911.5625,1102060
"중구","신당5동",667,1009,924,823,3423,1193,4057,75,0,9,1237.37777777778,1102065
"중구","황학동",709,1379,1465,1338,4891,1947,5643,104,0,11,1254.38439716312,1102067
"중구","중림동",624,829,1019,1240,3712,1016,7530,76,0,11,879.228571428572,1102068
"중구","신당동",477,890,691,617,2675,11459,29891,63,0,8,1028.54848484849,1102069
"중구","다산동",990,1387,1176,1085,4638,1424,9742,76,0,7,1478.83,1102070
"중구","약수동",885,1137,1093,1331,4446,833,4122,47,0,17,1163.51960784314,1102071
"중구","청구동",828,1186,1159,1053,4226,881,4419,63,0,6,1780.25396825397,1102072
"중구","동화동",626,808,626,718,2778,1005,4045,32,0,8,3471.66666666667,1102073
"용산구","후암동",1021,1576,1412,1418,5427,928,3658,87,0,19,1359.27901234568,1103051
"용산구","용산2가동",575,982,920,816,3293,601,2070,50,0,28,637.924242424242,1103052
"용산구","남영동",365,595,586,455,2001,1619,20322,36,0,22,805.166666666667,1103053
"용산구","원효로2동",829,1027,976,1098,3930,958,6846,70,0,23,1613.81222222222,1103057
"용산구","효창동",646,929,900,959,3434,418,2182,63,0,17,1686.815,1103058
"용산구","용문동",778,1078,987,1036,3879,630,1789,64,0,17,1354.43518518519,1103059
"용산구","이촌1동",1533,1469,1548,2115,6665,812,3613,94,0,14,170,1103063
"용산구","이촌2동",428,537,676,794,2435,347,832,45,0,8,1830,1103064
"용산구","이태원1동",365,689,611,539,2204,1538,7006,36,0,16,1277.08333333333,1103065
"용산구","이태원2동",512,897,841,815,3065,720,2208,43,0,18,1858.13888888889,1103066
"용산구","서빙고동",924,878,714,808,3324,414,4683,36,0,22,2237.5,1103069
"용산구","보광동",842,1386,1089,1067,4384,840,2076,54,1,11,499.925925925926,1103070
"용산구","청파동",1836,2408,1775,1338,7357,1685,8542,108,1,22,1277.55531561462,1103071
"용산구","원효로1동",906,1552,1899,1796,6153,1758,10067,131,0,24,1506.82586206897,1103072
"용산구","한강로동",1183,1955,2170,1873,7181,4899,41427,137,0,47,3007.2962962963,1103073
"용산구","한남동",1014,1770,1954,2084,6822,2087,17919,121,0,36,1432.83333333333,1103074
"성동구","왕십리2동",1036,1462,1448,1494,5440,824,2757,110,0,13,1244.26451612903,1104052
"성동구","마장동",1954,2418,1746,1528,7646,3207,12056,109,0,29,1294.03998397436,1104054
"성동구","사근동",2363,2279,912,680,6234,1072,10842,72,2,36,1237.72211155378,1104055
"성동구","행당1동",964,1251,1137,1149,4501,1388,8651,75,0,31,1326.61935897436,1104056
"성동구","행당2동",1491,1536,1776,1937,6740,627,2050,129,0,28,751.159722222222,1104057
"성동구","응봉동",900,854,977,1277,4008,369,1028,63,0,28,1390.75135648808,1104058
"성동구","금호1가동",860,963,1189,1576,4588,567,2100,68,0,36,2926.80747126437,1104059
"성동구","금호4가동",612,895,1206,1598,4311,657,2026,85,0,18,1186.04166666667,1104062
"성동구","성수1가1동",1049,1506,1524,1380,5459,1792,10716,113,0,33,1551.29435483871,1104065
"성동구","성수1가2동",861,1292,1306,1171,4630,2877,21512,80,0,13,933.866666666667,1104066
"성동구","성수2가1동",911,1440,1364,1246,4961,2526,18394,82,0,30,1485.87719298246,1104067
"성동구","성수2가3동",747,1272,1046,921,3986,5805,53249,54,0,22,953.068452380952,1104068
"성동구","송정동",679,1034,840,801,3354,711,2709,52,0,15,1542.37301587302,1104069
"성동구","용답동",812,1257,878,774,3721,1864,13279,39,0,16,1358.10365853659,1104070
"성동구","왕십리도선동",1811,2593,2201,2564,9169,2176,10015,133,0,27,1884,1104071
"성동구","금호2.3가동",1282,1649,1916,2256,7103,1013,2670,145,0,49,882.737698412698,1104072
"성동구","옥수동",1258,1752,2210,2877,8097,868,4189,164,0,42,1694.04583333333,1104073
"광진구","화양동",4140,5513,2764,1619,14036,2447,15023,108,1,18,951.056932966024,1105053
"광진구","군자동",1753,2740,1991,1646,8130,1593,10021,92,1,22,1206.78364978903,1105054
"광진구","중곡1동",1026,1803,1623,1367,5819,1588,6288,145,0,17,1903.69427655678,1105055
"광진구","중곡2동",1393,2522,2067,1865,7847,1674,6959,119,0,16,2088.11788617886,1105056
"광진구","중곡3동",1062,1650,1472,1278,5462,1301,4543,82,0,25,1434.28314393939,1105057
"광진구","중곡4동",1947,2546,2273,2114,8880,1524,4751,117,0,32,1722.51801801802,1105058
"광진구","능동",772,1633,1479,1189,5073,802,5723,83,0,12,1804.54480286738,1105059
"광진구","구의1동",1756,3080,2394,1834,9064,1760,6989,138,0,11,1611.27111486487,1105060
"광진구","구의2동",1692,2085,1796,2079,7652,1309,5912,103,0,23,1346.41123188406,1105061
"광진구","구의3동",2103,2668,2426,2198,9395,2695,16544,127,0,27,1575.7823943662,1105062
"광진구","광장동",2221,1926,1521,2318,7986,1398,16114,85,1,37,1449.31770833333,1105063
"광진구","자양1동",1745,2645,2020,1769,8179,1780,8987,126,0,7,1887.69123931624,1105064
"광진구","자양2동",1670,2189,1935,1999,7793,1433,6095,112,0,20,1952,1105065
"광진구","자양3동",1863,2090,2020,2315,8288,1324,6185,133,0,17,1087.25252525253,1105066
"광진구","자양4동",1050,1657,1332,1280,5319,1817,6171,91,0,13,965.116869918699,1105067
"동대문구","회기동",1573,1605,841,632,4651,1034,10615,42,1,10,1212.58016877637,1106071
"동대문구","휘경1동",1640,1644,1086,1084,5454,929,3558,65,0,17,1817.69482200647,1106072
"동대문구","휘경2동",2781,2543,1492,1526,8342,1221,4930,79,2,17,813.428240740741,1106073
"동대문구","청량리동",1025,1323,1068,1164,4580,1614,8267,81,0,26,447.909375,1106080
"동대문구","용신동",2330,3806,2959,2400,11495,5195,28569,165,0,47,766.971485943775,1106081
"동대문구","제기동",2060,2355,1649,1619,7683,4632,13499,113,0,28,782.774702380952,1106082
"동대문구","전농1동",2155,2525,2119,2271,9070,2262,7802,128,0,30,976.807670454545,1106083
"동대문구","전농2동",1165,1216,1048,1253,4682,920,4853,65,0,13,837.250595238095,1106084
"동대문구","답십리2동",1656,2181,2207,2279,8323,2187,7544,164,0,16,841.992261904762,1106086
"동대문구","장안1동",2174,3118,3064,3282,11638,4409,20501,222,0,28,735.343869731801,1106087
"동대문구","장안2동",1859,2022,2208,2958,9047,3071,11503,136,0,27,1086.01935763889,1106088
"동대문구","이문1동",2479,2240,1185,985,6889,1191,6425,62,2,25,810.706495098039,1106089
"동대문구","이문2동",1391,1448,1146,1373,5358,688,2293,53,0,12,902.174637681159,1106090
"동대문구","답십리1동",1743,2274,2363,2914,9294,1971,8041,149,0,28,1085.2689119171,1106091
"중랑구","면목2동",1504,1912,1646,1675,6737,2062,6306,96,0,21,823.503546099291,1107052
"중랑구","면목4동",1099,1402,1254,1419,5174,1172,3839,55,0,13,849.181818181818,1107054
"중랑구","면목5동",750,1019,1164,1482,4415,830,3050,45,0,15,1650,1107055
"중랑구","면목7동",1256,1880,1769,1656,6561,1477,4335,104,0,17,1111.94308943089,1107057
"중랑구","상봉1동",1603,1971,1771,1878,7223,1171,6638,172,0,18,1336.48977272727,1107059
"중랑구","상봉2동",1292,2759,2363,1761,8175,2159,9306,133,0,16,1663.2377283105,1107060
"중랑구","중화1동",1161,1762,1638,1577,6138,1089,3590,141,0,15,827.514492753623,1107061
"중랑구","중화2동",1536,2235,1878,1821,7470,2111,6771,85,0,30,857.706023550725,1107062
"중랑구","묵1동",2283,2707,2343,2610,9943,1555,5736,191,0,32,1596.21875,1107064
"중랑구","묵2동",1089,1635,1557,1560,5841,1811,4688,60,0,19,1142.67459677419,1107065
"중랑구","망우3동",1058,1276,1050,1103,4487,1132,3746,62,0,11,1270.64523809524,1107068
"중랑구","신내1동",2324,2604,2274,2851,10053,2017,11518,141,0,48,1820.32820512821,1107069
"중랑구","신내2동",1159,1420,1347,1606,5532,1120,6468,96,0,22,1625.30952380952,1107070
"중랑구","면목본동",2155,3231,2780,2556,10722,2572,7681,242,0,29,950.330811403509,1107071
"중랑구","면목3.8동",1596,2219,1869,1758,7442,2123,7671,89,1,31,1338.56871345029,1107072
"중랑구","망우본동",1757,2458,2050,2058,8323,3827,12002,138,0,57,876.42578125,1107073
"성북구","돈암1동",1030,1051,992,987,4060,386,2116,79,0,10,743.485416666667,1108058
"성북구","돈암2동",1569,1452,1346,1698,6065,421,2477,74,0,29,993.357738095238,1108059
"성북구","안암동",2503,2578,1138,875,7094,1431,13406,72,1,33,923.96261682243,1108060
"성북구","보문동",1128,1580,1347,1280,5335,1294,5461,76,0,12,1829.04740740741,1108061
"성북구","정릉1동",1196,1114,1167,1478,4955,757,1976,75,0,14,747.130952380952,1108062
"성북구","정릉2동",1565,1686,1428,1732,6411,904,2961,90,0,53,787.995238095238,1108063
"성북구","정릉3동",1673,1503,1054,857,5087,717,4764,67,2,28,1133.11979166667,1108064
"성북구","정릉4동",1641,1629,1448,1840,6558,929,4131,92,0,35,805.066987179487,1108065
"성북구","길음1동",1918,1579,1721,2999,8217,1008,3921,112,0,31,2411.64583333333,1108066
"성북구","길음2동",1063,1065,1114,1419,4661,995,4816,73,0,22,602.01375,1108068
"성북구","월곡1동",1453,1592,1551,2045,6641,1361,5403,73,0,23,599.755555555555,1108071
"성북구","월곡2동",1693,1890,1378,1360,6321,1558,8951,86,0,36,1054.49398148148,1108072
"성북구","장위1동",1431,1604,1286,1202,5523,911,2263,68,0,33,2861.09286858974,1108076
"성북구","장위2동",891,1040,882,817,3630,1106,3218,60,0,29,436.44362745098,1108077
"성북구","장위3동",1057,1168,1122,1647,4994,597,2331,76,0,36,712.269444444444,1108078
"성북구","성북동",1248,1568,1310,1206,5332,1174,5315,72,0,51,1846.9869047619,1108081
"성북구","삼선동",2025,2253,1735,1604,7617,1834,8921,91,2,41,1455.54074074074,1108082
"성북구","동선동",2199,2293,1436,1079,7007,2037,9961,66,1,19,1490.39527027027,1108083
"성북구","종암동",2781,3057,2412,2824,11074,2034,8629,133,0,51,1171.405,1108084
"성북구","석관동",2297,2909,2424,2603,10233,2163,9984,137,1,31,1270.01083333333,1108085
"강북구","번1동",1381,1909,1456,1355,6101,1895,9633,91,0,26,519.299603174603,1109060
"강북구","번2동",1015,1195,827,982,4019,640,3657,42,0,36,616.707428622623,1109061
"강북구","번3동",990,950,784,964,3688,869,3147,36,0,35,262.141666666667,1109062
"강북구","수유1동",1309,1758,1403,1380,5850,1473,5349,107,0,41,723.774583333333,1109063
"강북구","수유2동",1405,1583,1240,1347,5575,1280,3797,53,0,16,954.921052631579,1109064
"강북구","수유3동",1759,2549,1755,1635,7698,2542,9146,75,0,23,605.191025641026,1109065
"강북구","삼양동",1539,1614,1405,1624,6182,1059,3509,88,0,35,396.012121212121,1109069
"강북구","미아동",1726,2139,1526,1373,6764,1740,6824,78,1,27,558.599502487562,1109070
"강북구","송중동",1908,2361,2006,2116,8391,2117,8611,116,0,59,683.484234234234,1109071
"강북구","송천동",1621,2074,1571,1716,6982,2041,7973,78,0,17,512.776785714286,1109072
"강북구","삼각산동",1878,1502,1525,2326,7231,782,2247,97,0,20,798.583333333333,1109073
"강북구","우이동",1259,1416,1238,1356,5269,1016,4252,72,0,39,551.653846153846,1109074
"강북구","인수동",1881,2223,1817,2030,7951,1560,5759,108,0,48,834.051388888889,1109075
"도봉구","쌍문1동",1510,1583,1251,1347,5691,913,3831,89,1,42,784.771333333333,1110051
"도봉구","쌍문2동",1141,1404,1250,1372,5167,1280,5572,75,0,13,280.47619047619,1110052
"도봉구","쌍문3동",1081,1425,1172,1206,4884,966,4182,53,0,16,1197.03666666667,1110053
"도봉구","쌍문4동",1257,1307,1036,1289,4889,611,2093,53,0,15,858.666666666667,1110054
"도봉구","방학1동",1852,2054,1591,1757,7254,2350,13653,112,0,33,602.10195035461,1110055
"도봉구","방학2동",1322,1401,1024,1186,4933,1219,2909,52,0,20,528.646464646465,1110056
"도봉구","방학3동",1672,1697,1530,1686,6585,898,3169,61,0,32,364.047619047619,1110057
"도봉구","창1동",1582,1725,1603,1804,6714,1538,3958,137,0,23,943.363888888889,1110059
"도봉구","창2동",1910,2229,1917,2227,8283,1410,4428,121,0,24,813.530701754386,1110060
"도봉구","창3동",857,969,782,933,3541,915,2170,45,0,15,341.122549019608,1110061
"도봉구","창4동",1834,1904,1571,1845,7154,1319,7530,107,0,32,636.339743589744,1110062
"도봉구","창5동",1703,2021,1707,1851,7282,2157,7359,106,0,21,579.815860215054,1110063
"도봉구","도봉1동",1162,1471,1161,1249,5043,1626,5766,87,0,37,501.232142857143,1110064
"도봉구","도봉2동",1525,1814,1664,1982,6985,1426,6319,89,0,46,911.216666666667,1110065
"노원구","월계1동",2043,1819,1308,1407,6577,1466,6721,75,1,47,685.263636363636,1111051
"노원구","월계2동",1638,1606,1394,1845,6483,930,3255,102,1,35,581.056818181818,1111052
"노원구","월계3동",1684,1916,2120,2517,8237,996,4143,150,0,24,1489.63888888889,1111053
"노원구","공릉2동",3710,2997,2460,2767,11934,1955,11629,166,4,60,1025.2865497076,1111056
"노원구","하계1동",2634,2055,1426,1323,7438,1088,7931,69,0,36,801.714912280702,1111058
"노원구","하계2동",1625,1465,1189,1368,5647,414,1220,66,0,20,310.491666666667,1111059
"노원구","중계본동",1860,1384,814,1096,5154,1205,5602,39,0,19,350,1111060
"노원구","중계1동",1775,1195,759,1253,4982,1050,4205,31,0,18,961.992708333333,1111061
"노원구","중계4동",1435,1180,853,1140,4608,1059,3923,76,0,6,1281.92,1111064
"노원구","상계1동",2594,2707,2309,2622,10232,3183,9518,131,0,31,852.711599099099,1111065
"노원구","상계2동",1652,1663,1165,1167,5647,2668,10536,59,0,30,548.509523809524,1111066
"노원구","상계5동",1666,1821,1282,1344,6113,1567,4936,81,0,23,598.017543859649,1111069
"노원구","상계8동",1222,1471,2216,2511,7420,484,1697,212,0,16,795.020946346026,1111072
"노원구","상계9동",1434,1319,1302,1506,5561,698,2520,76,0,22,795.020946346026,1111073
"노원구","상계10동",1224,1342,1301,1365,5232,515,2188,100,0,24,795.020946346026,1111074
"노원구","상계3.4동",1627,1624,1353,1613,6217,1196,3787,89,0,24,728.002450980392,1111076
"노원구","상계6.7동",2192,2438,2377,2558,9565,1921,15772,155,1,32,531.123737373737,1111077
"노원구","중계2.3동",2261,2078,1994,2310,8643,1382,5153,131,0,33,1243.73782051282,1111078
"노원구","공릉1동",3330,3496,2604,2802,12232,2841,11948,153,0,53,730.867285478548,1111079
"은평구","녹번동",2140,2928,2902,3163,11133,1962,9531,218,0,29,1919.56986714976,1112051
"은평구","불광1동",2395,3077,2595,2848,10915,1627,7034,210,0,39,1179.075,1112052
"은평구","갈현1동",1639,2113,1572,1484,6808,1498,4881,110,0,47,521.671875,1112055
"은평구","갈현2동",2034,2340,1851,2067,8292,1579,5985,78,0,32,860.921568627451,1112056
"은평구","구산동",2079,2362,1864,2254,8559,1216,5509,97,0,31,1097.84938271605,1112057
"은평구","대조동",1934,2962,2221,1970,9087,2430,7864,156,0,28,802.540895061728,1112058
"은평구","응암1동",1781,2426,2485,2671,9363,1661,7831,203,0,22,693.725771604938,1112059
"은평구","응암2동",1310,1452,1990,3063,7815,707,2102,121,0,32,2379.47073412698,1112060
"은평구","신사1동",1725,2197,1954,2149,8025,1347,4066,111,1,22,812.024390243902,1112065
"은평구","신사2동",1342,1593,1313,1485,5733,1704,3716,72,0,32,376.535984848485,1112066
"은평구","증산동",927,1184,1007,1020,4138,945,3619,58,0,14,664.796296296296,1112067
"은평구","수색동",661,831,806,931,3229,514,2264,52,0,20,444.791666666667,1112068
"은평구","진관동",3361,3744,3150,3739,13994,1894,12366,165,0,69,940.668186003683,1112071
"은평구","불광2동",1853,2494,1981,1879,8207,1295,3943,107,0,25,776.642156862745,1112072
"은평구","응암3동",1576,2065,1664,1723,7028,1768,5142,104,0,25,676.920542635659,1112073
"은평구","역촌동",2925,3608,3123,3578,13234,2534,7778,199,0,50,971.749368686869,1112074
"서대문구","천연동",1071,1206,1096,1324,4697,915,3069,82,1,36,916.628787878788,1113052
"서대문구","홍제1동",1477,1689,1656,1793,6615,1154,4827,128,1,21,1304.27976190476,1113062
"서대문구","홍제3동",1027,1096,1017,954,4094,1157,3687,56,0,45,1207.65625,1113064
"서대문구","홍제2동",854,1005,991,931,3781,594,1699,57,1,10,623.62890625,1113065
"서대문구","홍은1동",1466,1460,1382,1618,5926,999,2658,83,0,29,1347.82738095238,1113066
"서대문구","홍은2동",1994,2250,1762,1726,7732,1219,5414,98,1,67,812.41369047619,1113068
"서대문구","남가좌1동",723,830,896,1587,4036,691,2204,63,0,16,694.777777777778,1113069
"서대문구","남가좌2동",2109,2191,2014,2588,8902,1310,5271,136,1,26,955.399659863946,1113070
"서대문구","북가좌1동",1020,1149,1081,1321,4571,681,3173,73,0,15,1232.01041666667,1113071
"서대문구","북가좌2동",2064,2744,2091,2210,9109,2443,6752,120,0,30,1096.30900900901,1113072
"서대문구","충현동",1363,2073,1622,1651,6709,1817,24246,64,2,49,1400.00198412698,1113073
"서대문구","북아현동",1053,1326,1322,1577,5278,862,2420,82,0,16,807.294871794872,1113074
"서대문구","신촌동",3242,4170,2078,1200,10690,3901,37647,82,2,51,1087.71754227053,1113075
"서대문구","연희동",3175,4529,2983,2638,13325,2352,10752,136,0,56,1172.81741452991,1113076
"마포구","용강동",917,1316,1635,2135,6003,2566,18813,106,0,20,898.418560606061,1114059
"마포구","대흥동",1543,1819,1251,1122,5735,1571,10097,81,1,32,984.0859375,1114060
"마포구","염리동",796,997,864,1001,3658,726,4383,61,0,11,1116.87280701754,1114061
"마포구","신수동",1679,1806,1801,1972,7258,1209,5549,127,0,24,1214.23076923077,1114063
"마포구","서교동",2383,3888,3041,2343,11655,9552,57173,138,0,85,1358.15371287129,1114066
"마포구","합정동",1239,2359,2019,1719,7336,2397,11154,104,0,27,1567.29444444444,1114068
"마포구","망원1동",1319,2174,1976,1946,7415,1899,5293,117,0,30,1565.0274122807,1114069
"마포구","망원2동",1220,1689,1407,1567,5883,1348,4505,107,0,25,1310.38247863248,1114070
"마포구","연남동",1153,2086,1670,1434,6343,1915,6911,83,0,20,1254.69677871148,1114071
"마포구","성산1동",1259,1873,1702,1700,6534,1534,11155,103,0,26,2095.68259803922,1114072
"마포구","성산2동",2845,3931,3496,3230,13502,1757,11682,228,0,41,818.245033112583,1114073
"마포구","상암동",2027,2271,1791,2228,8317,2531,41880,101,0,84,876.397762345679,1114074
"마포구","도화동",1267,1739,1798,1833,6637,2082,16774,110,1,37,869.06268115942,1114075
"마포구","서강동",2108,2536,1944,2171,8759,1828,12774,99,1,61,1431.64138888889,1114076
"마포구","공덕동",2540,3931,3407,3127,13005,2756,18197,193,0,34,1006.42724637681,1114077
"마포구","아현동",1367,1827,2283,2873,8350,1619,10936,171,0,28,1982.50760869565,1114078
"양천구","목1동",1934,1487,1238,2070,6729,2872,21666,110,0,23,845.378333333333,1115051
"양천구","목2동",1997,3016,2704,2547,10264,1196,4523,171,0,15,933.476666666667,1115052
"양천구","목3동",1446,2118,2076,1958,7598,1282,4740,108,0,7,1538.66888020833,1115053
"양천구","목4동",2220,1950,1384,1437,6991,1347,3945,80,0,9,1463.73233333333,1115054
"양천구","신월1동",1184,1507,1359,1406,5456,1765,5183,116,0,9,246.958333333333,1115057
"양천구","신월2동",1257,1453,1359,1681,5750,1175,3943,77,0,10,537.071153846154,1115058
"양천구","신월3동",883,1159,1007,1027,4076,958,4019,42,0,10,509.863636363636,1115059
"양천구","신월4동",1065,1122,1026,1482,4695,1166,4255,86,0,9,554.047619047619,1115060
"양천구","신월5동",923,1228,1002,1109,4262,994,4849,64,0,12,2491.20941358025,1115061
"양천구","신월6동",756,848,1163,1423,4190,1336,3129,104,0,12,944.115900029898,1115062
"양천구","신월7동",1210,1448,1237,1407,5302,1324,5406,85,0,18,374.0625,1115063
"양천구","신정1동",1340,1131,785,1293,4549,1175,5322,66,0,26,1513.04166666667,1115064
"양천구","신정2동",1411,1180,759,1052,4402,1091,3806,33,0,11,961.888888888889,1115065
"양천구","신정3동",2997,2909,2635,3108,11649,1814,9284,173,0,60,739.419298245614,1115066
"양천구","신정6동",1706,1488,1159,1595,5948,714,6916,47,0,24,683.125,1115069
"양천구","신정7동",1877,1727,1467,1768,6839,1030,4457,71,0,25,1004.82670454545,1115070
"양천구","목5동",2483,2027,1625,2383,8518,1565,10700,66,0,32,546.428571428571,1115071
"양천구","신정4동",2258,3029,2414,2675,10376,3090,15439,138,0,14,1106.77130102041,1115072
"강서구","염창동",2322,3109,3455,3896,12782,2170,17152,188,0,30,1788.63687943262,1116051
"강서구","등촌1동",1508,3492,3488,2522,11010,1812,15763,301,0,14,921.621794871795,1116052
"강서구","등촌2동",1308,2012,1783,1755,6858,737,3541,115,0,7,1586.89197530864,1116053
"강서구","등촌3동",1876,2303,2401,2260,8840,2533,19252,173,0,48,1037.375,1116054
"강서구","화곡본동",2210,3747,3137,3221,12315,1389,4179,139,1,26,1025.14830508475,1116055
"강서구","화곡2동",1086,1538,1351,1577,5552,855,2732,56,0,30,1176.40476190476,1116057
"강서구","화곡3동",1310,1831,1576,1632,6349,1222,4170,75,0,9,1068.40333333333,1116058
"강서구","화곡4동",1203,1784,1626,1763,6376,1469,3988,76,0,30,885.473295454545,1116059
"강서구","화곡6동",1587,2656,2206,1975,8424,1749,10847,91,0,29,646.131872852234,1116061
"강서구","화곡8동",1514,2357,2125,2144,8140,1275,4167,99,0,30,708.131578947368,1116063
"강서구","가양1동",2585,5847,4906,3422,16760,5790,56353,301,0,58,917.556708784597,1116064
"강서구","가양2동",594,1114,1353,1057,4118,633,3383,89,0,12,1332.97857142857,1116065
"강서구","가양3동",678,1171,1730,1393,4972,904,7374,185,0,13,1641.12530864198,1116066
"강서구","발산1동",2449,2164,1824,2609,9046,3375,19865,125,0,65,1016.51242937853,1116067
"강서구","공항동",1524,2266,2261,2760,8811,2040,36149,167,0,62,735.154479166667,1116069
"강서구","방화1동",2275,3044,2835,3657,11811,2621,11003,195,0,42,997.430050505051,1116070
"강서구","방화2동",1283,2041,1847,1646,6817,3279,14018,102,0,36,708.804519774011,1116071
"강서구","방화3동",1019,1570,1750,1976,6315,893,4698,137,0,18,644.876602564103,1116072
"강서구","화곡1동",3134,6202,5650,4903,19889,3048,10879,306,0,26,1170.27894211577,1116073
"강서구","우장산동",2596,2682,2364,3226,10868,1664,7981,313,1,28,1501.11576576577,1116074
"구로구","신도림동",2036,2301,2802,3442,10581,2784,15121,224,0,41,1048.13888888889,1117051
"구로구","구로1동",1202,1626,1871,2018,6717,728,3603,253,0,20,1177.26754385965,1117052
"구로구","구로3동",1368,2773,2663,2357,9161,7883,92379,136,0,40,1302.484375,1117054
"구로구","구로4동",1060,1765,1542,1390,5757,2133,6044,104,0,23,884.140046296296,1117055
"구로구","구로5동",1904,3163,2814,2625,10506,4477,26529,168,0,31,784.052838164251,1117056
"구로구","고척1동",1584,1708,1411,1495,6198,2541,10116,79,1,31,657.135416666667,1117061
"구로구","고척2동",1712,1903,1498,1818,6931,1460,4177,76,0,38,564.188461538462,1117062
"구로구","개봉2동",1765,2102,2111,2459,8437,1212,3361,159,0,22,650.795454545455,1117064
"구로구","개봉3동",1189,1422,1334,1456,5401,1020,7391,62,0,20,539.651515151515,1117065
"구로구","오류1동",1449,2544,2401,1965,8359,1187,4795,162,0,14,1222.47508635579,1117067
"구로구","수궁동",1393,1696,1589,1725,6403,1258,6199,116,0,47,722.658333333333,1117069
"구로구","가리봉동",524,964,697,564,2749,993,3179,46,0,8,1367.92948717949,1117070
"구로구","구로2동",1345,1912,1475,1453,6185,7653,28133,103,0,34,987.895833333333,1117071
"구로구","개봉1동",2036,2591,2554,2526,9707,1698,5484,174,1,46,748.962418300654,1117072
"구로구","오류2동",2094,2562,2320,2863,9839,1729,9157,191,1,68,1053.93264840183,1117068
"구로구","항동",690,1032,1642,2267,5631,0,0,10,0,29,914.11388980104,NA
"금천구","가산동",1849,4694,3342,2105,11990,16661,170886,206,0,106,781.629939862543,1118051
"금천구","독산1동",2535,4776,4353,4054,15718,4037,25241,318,0,69,1553.62089201878,1118052
"금천구","독산2동",1147,1703,1283,1217,5350,1154,3514,83,0,8,847.671296296296,1118053
"금천구","독산3동",1506,2356,1896,1666,7424,2087,6500,129,0,21,1122.2391025641,1118054
"금천구","독산4동",969,1323,1060,927,4279,994,3130,76,0,14,1104.36588541667,1118055
"금천구","시흥1동",2047,2999,2432,2358,9836,3078,15728,192,0,47,1123.98958333333,1118057
"금천구","시흥2동",1267,1229,1087,1393,4976,651,2009,74,0,19,415.194444444444,1118058
"금천구","시흥3동",682,765,731,703,2881,3167,10083,44,0,17,273.055555555556,1118059
"금천구","시흥4동",1208,1525,1283,1307,5323,853,2034,72,0,24,729.166666666667,1118060
"금천구","시흥5동",1155,1392,1109,1175,4831,1132,3561,91,0,35,639.766203703704,1118061
"영등포구","여의동",1663,2207,2371,2898,9139,8132,160633,140,0,51,1453.85416666667,1119054
"영등포구","당산1동",1220,2333,2358,1877,7788,3107,19234,202,0,24,1378.32894736842,1119055
"영등포구","당산2동",2378,4958,4518,3695,15549,2289,22947,266,0,41,1639.51829268293,1119056
"영등포구","양평1동",893,1851,2309,2007,7060,3068,24084,207,0,23,1085.87414965986,1119061
"영등포구","양평2동",1377,2309,2809,2371,8866,2182,19921,237,0,30,787.099425287356,1119062
"영등포구","신길1동",1076,2316,1783,1207,6382,1091,5280,114,0,26,1078.74847972973,1119063
"영등포구","신길3동",906,1266,1240,1307,4719,1369,2905,81,0,24,1051.34038461538,1119065
"영등포구","신길4동",694,865,825,986,3370,433,1461,36,0,12,1769.79487179487,1119066
"영등포구","신길5동",601,789,720,915,3025,526,2563,64,0,20,1370.26666666667,1119067
"영등포구","신길6동",1164,1927,1535,1404,6030,1228,4904,71,0,26,1238.759375,1119068
"영등포구","신길7동",1344,1469,1528,1960,6301,620,2932,89,0,30,1352.78958333333,1119069
"영등포구","대림1동",915,1267,970,1027,4179,1064,4517,59,0,17,679.053395061728,1119070
"영등포구","대림2동",670,1226,934,766,3596,1378,4520,56,0,13,871.985714285714,1119071
"영등포구","대림3동",1369,1801,1693,1607,6470,2262,10193,109,0,40,997.910714285714,1119072
"영등포구","영등포본동",1220,1632,1629,1684,6165,1410,5361,101,0,18,622.804761904762,1119073
"영등포구","영등포동",1799,4941,4175,2702,13617,5883,34391,242,0,40,1338.70712560386,1119074
"영등포구","도림동",1008,1773,1633,1605,6019,1021,2975,137,0,24,865.705459770115,1119075
"영등포구","문래동",1623,2226,2761,3436,10046,5307,44657,210,0,43,1626.66666666667,1119076
"동작구","노량진2동",828,1514,1073,839,4254,1706,7779,42,0,12,899.725670498084,1120052
"동작구","상도1동",4858,4986,3120,3187,16151,1765,8821,217,1,47,1090.55658914729,1120053
"동작구","상도2동",1831,2468,2222,2461,8982,1398,5299,90,0,35,1047.12362637363,1120054
"동작구","상도3동",1650,2578,2284,1924,8436,1011,3477,122,0,33,1627.45491803279,1120055
"동작구","상도4동",1805,2788,2504,2338,9435,1008,3105,129,0,32,2012.34308510638,1120056
"동작구","사당1동",1638,3618,2710,1939,9905,1790,9815,233,0,16,2261.74959546926,1120063
"동작구","사당3동",1402,1994,1939,2188,7523,936,4032,95,1,23,2458.26442307692,1120065
"동작구","사당4동",894,1626,1329,1169,5018,659,1953,80,0,3,1518.67934782609,1120066
"동작구","사당5동",888,1336,1306,1295,4825,519,1646,145,0,29,1820.95495495496,1120067
"동작구","대방동",2776,3711,2807,2620,11914,1693,11691,152,0,49,1355.89215686274,1120068
"동작구","신대방1동",1524,1885,1517,1576,6502,1035,4210,100,0,13,929.229674796748,1120069
"동작구","신대방2동",1346,2179,1708,1575,6808,1227,19081,79,0,28,1081.36111111111,1120070
"동작구","흑석동",2491,2659,2107,2448,9705,1557,10324,130,1,46,1056.57727272727,1120071
"동작구","노량진1동",2141,3450,2901,2523,11015,1856,8214,159,0,48,724.902625570776,1120072
"동작구","사당2동",1531,2150,2262,2225,8168,1633,6712,133,0,29,1194.92735042735,1120073
"관악구","보라매동",1643,3044,2242,1826,8755,1367,6557,115,0,24,1202.51328502415,1121052
"관악구","청림동",837,1021,1241,1375,4474,451,1385,79,0,6,1003.77166666667,1121054
"관악구","행운동",2287,5170,3645,2397,13499,1372,6845,147,0,16,1564.53400655022,1121057
"관악구","낙성대동",1908,3640,2228,1294,9070,1296,7867,151,1,34,1743.46899224806,1121058
"관악구","중앙동",1497,2949,1882,1131,7459,965,5516,75,0,8,1643.08077709611,1121061
"관악구","인헌동",2040,3780,2881,2076,10777,1053,3578,157,0,25,1729.74,1121062
"관악구","남현동",1341,2611,2139,1580,7671,872,4957,130,0,7,2093.46176470588,1121063
"관악구","서원동",2125,4376,2677,1890,11068,1279,7459,155,0,22,1008.78571428571,1121064
"관악구","신원동",1533,2860,1931,1336,7660,814,2356,87,0,10,1413.494348659,1121065
"관악구","서림동",1982,3731,2700,2034,10447,1115,3245,118,0,24,883.684895833333,1121066
"관악구","신사동_관",2123,3675,2267,1647,9712,1359,4356,87,0,19,1621.46087398374,1121068
"관악구","신림동",2548,5858,3582,2024,14012,1687,6638,138,0,16,1038.56238615665,1121069
"관악구","난향동",884,850,810,1098,3642,397,1886,45,0,15,1072.09166666667,1121071
"관악구","조원동",1287,2804,1911,1368,7370,2150,7116,86,0,21,1321.44221411192,1121072
"관악구","대학동",2237,3949,2757,2034,10977,1636,15017,106,0,52,1176.55934343434,1121073
"관악구","은천동",2076,3425,2751,2646,10898,1562,6658,171,0,41,1843.88274456522,1121078
"관악구","성현동",1936,2062,1775,2156,7929,821,2951,134,0,30,1333.24456521739,1121079
"관악구","청룡동",3871,7299,4125,2611,17906,1855,10350,203,0,13,1246.36109725686,1121080
"관악구","난곡동",1736,2408,1901,1834,7879,954,2452,190,0,21,1894.87280701754,1121081
"관악구","삼성동",1304,1603,1331,1357,5595,1010,2618,61,0,31,562.905555555556,1121082
"관악구","미성동",2025,2800,2123,2168,9116,1490,5522,94,0,38,1931.48270440252,1121083
"서초구","서초1동",1181,1649,1687,1902,6419,3811,32022,148,1,36,2229.87826086957,1122051
"서초구","서초2동",1241,1822,2140,2122,7325,5072,53003,115,0,46,1177.38363363363,1122052
"서초구","서초3동",2291,2965,2898,2509,10663,7725,81064,203,0,70,1587.71063685637,1122053
"서초구","서초4동",1931,1663,1494,2234,7322,3012,28529,70,0,39,1236.82183908046,1122054
"서초구","잠원동",1785,1893,1756,2095,7529,2199,18054,102,0,23,944.143880208333,1122055
"서초구","반포본동",891,603,420,471,2385,665,2326,38,0,4,1577.3068257644,1122056
"서초구","반포1동",1745,2487,2513,2987,9732,1737,10255,103,0,23,1077.06944444444,1122057
"서초구","반포2동",794,566,509,1029,2898,306,2142,22,0,19,1577.3068257644,1122058
"서초구","반포3동",1357,1138,1092,1529,5116,964,7502,71,0,13,2450.55555555556,1122059
"서초구","반포4동",1132,1196,1204,1445,4977,3291,29877,79,1,36,1015.52777777778,1122060
"서초구","방배본동",1327,1353,1135,1293,5108,1623,10497,73,0,22,1888.61231884058,1122061
"서초구","방배1동",1120,1383,1504,1466,5473,1907,16332,79,0,20,1518.25821596244,1122062
"서초구","방배2동",1228,1634,1616,1562,6040,1852,17806,94,0,33,1713.23550724638,1122063
"서초구","방배3동",1347,1443,1460,1480,5730,1186,13826,74,1,47,777.395833333333,1122064
"서초구","방배4동",1468,1745,1756,1869,6838,2149,14635,100,0,27,1865.41904761905,1122065
"서초구","양재1동",2302,3102,3088,3680,12172,3616,44006,273,0,72,1916.515625,1122066
"서초구","양재2동",1200,2173,2287,2258,7918,4989,48262,138,0,53,2294.50455246914,1122067
"서초구","내곡동",804,1132,1093,1641,4670,836,8847,79,0,60,1543.87708333333,1122068
"강남구","신사동_강",1021,1253,1173,1210,4657,4140,26210,66,0,13,1806.81140350877,1123051
"강남구","논현1동",1441,3199,3155,2659,10454,5309,41829,148,0,20,1160.36691358025,1123052
"강남구","논현2동",1355,2197,2321,2253,8126,5596,62264,97,1,27,1326.81186868687,1123053
"강남구","삼성1동",871,1040,928,1027,3866,4079,63573,53,0,31,1458.69892473118,1123058
"강남구","삼성2동",1675,2218,2290,2684,8867,3661,37531,110,0,25,1719.43055555556,1123059
"강남구","대치1동",1579,889,570,994,4032,1068,6451,21,0,18,594,1123060
"강남구","대치4동",1581,1852,1761,1603,6797,3677,31920,71,0,16,1674.94356540084,1123063
"강남구","역삼1동",2219,5326,5507,4571,17623,15451,155883,240,0,44,1526.81888138138,1123064
"강남구","역삼2동",2184,2500,2407,2836,9927,3775,38437,98,0,27,1208.30846560847,1123065
"강남구","도곡1동",1367,1614,1592,1635,6208,1596,17066,93,0,25,2105.67730496454,1123066
"강남구","도곡2동",2207,1809,1505,2076,7597,1828,19895,60,0,22,996.226851851852,1123067
"강남구","개포1동",364,381,321,369,1435,169,875,76,0,17,1664.81186431018,1123068
"강남구","개포4동",1468,1703,1682,1802,6655,1884,10524,80,0,32,1695.09195402299,1123071
"강남구","일원본동",1389,1225,1213,1766,5593,500,9755,73,0,31,2703.51851851852,1123072
"강남구","일원1동",897,1313,1135,1131,4476,2123,6888,55,0,15,996.531420765027,1123073
"강남구","일원2동",1008,935,1163,1414,4520,564,9506,52,0,11,3735.75757575758,1123074
"강남구","수서동",678,936,1146,1170,3930,1504,18055,99,0,18,3402.05555555556,1123075
"강남구","세곡동",2317,3057,3005,3870,12249,1338,7062,210,0,64,836.779761904762,1123076
"강남구","압구정동",1644,1547,1501,1885,6577,3919,29427,84,0,21,2424.37878787879,1123077
"강남구","청담동",1710,2098,2003,2434,8245,4212,38137,95,0,23,1531.67361111111,1123078
"강남구","대치2동",2790,2166,1634,1638,8228,3897,64496,73,0,31,1150.1463963964,1123079
"강남구","개포2동",1517,1400,1284,1515,5716,737,3056,92,0,31,907.020833333333,1123080
"송파구","풍납1동",783,938,956,987,3664,730,2489,64,0,6,664.801851851852,1124051
"송파구","풍납2동",1604,2236,2091,2206,8137,1151,16316,107,0,22,1333.89360119048,1124052
"송파구","거여1동",859,990,912,844,3605,826,3649,71,0,6,1708.24142857143,1124053
"송파구","거여2동",1068,1178,1183,1503,4932,841,4560,78,0,11,855.515,1124054
"송파구","마천1동",1133,1250,1041,1194,4618,994,2411,58,0,15,1020.14782608696,1124055
"송파구","마천2동",1135,1341,1109,1186,4771,1350,4236,54,0,10,548.386363636364,1124056
"송파구","방이1동",1151,1337,1133,1147,4768,1317,8454,73,0,9,1978.63020833333,1124057
"송파구","방이2동",1656,3528,3322,2671,11177,3125,19808,193,0,15,1261.4634502924,1124058
"송파구","오륜동",1156,1027,756,961,3900,496,5724,30,1,31,1465,1124059
"송파구","오금동",2683,2922,2789,2904,11298,2397,16687,153,0,40,1399.42385057471,1124060
"송파구","송파1동",1579,3024,3048,2378,10029,2509,14692,203,0,15,2065.99388379205,1124061
"송파구","송파2동",1375,1550,1455,1616,5996,836,4149,81,0,9,1808.81060606061,1124062
"송파구","석촌동",1848,3777,3792,3252,12669,2666,15306,249,0,18,1860.86214430894,1124063
"송파구","삼전동",1836,3547,3489,3187,12059,2028,11418,202,0,13,1806.47716049383,1124064
"송파구","가락본동",1767,2430,2503,2284,8984,3489,25440,175,0,30,1514.07179487179,1124065
"송파구","가락1동",1635,1913,2494,2847,8889,2988,11391,122,0,11,5865.30958333333,1124066
"송파구","가락2동",2088,2493,2271,2568,9420,1901,9763,127,0,22,1424.31317204301,1124067
"송파구","문정1동",1338,1965,1833,1758,6894,1295,6194,210,0,18,1448.20625,1124068
"송파구","문정2동",1669,3607,4046,3478,12800,7131,59850,231,0,20,807.268985507246,1124069
"송파구","잠실본동",1798,3311,3351,2822,11282,3042,19197,201,0,12,1825.61930783242,1124071
"송파구","잠실4동",1024,1011,1072,2048,5155,383,1696,64,0,7,4489.14814814815,1124075
"송파구","잠실6동",971,1040,1027,1343,4381,2629,49280,53,0,20,396.666666666667,1124077
"송파구","잠실7동",658,626,477,549,2310,196,1284,26,0,3,1834.9963653664,1124078
"송파구","잠실2동",1969,1336,1308,2788,7401,777,4583,86,0,12,4760.1,1124079
"송파구","잠실3동",2070,1847,1810,2676,8403,1543,9536,80,0,19,1834.9963653664,1124080
"송파구","장지동",1920,2203,2306,2522,8951,1337,9229,147,0,39,1993.68815359477,1124081
"송파구","위례동",1464,1455,2006,3291,8216,667,3859,82,0,37,1572.8696969697,1124082
"강동구","강일동",2272,2031,1926,2444,8673,962,17586,128,0,58,1282.77879746835,1125051
"강동구","상일동",1719,1877,2079,3241,8916,918,5176,123,0,43,1454.38333333333,1125052
"강동구","명일1동",1602,1664,1903,2260,7429,1739,6643,199,0,20,1446.30787037037,1125053
"강동구","명일2동",1091,1109,909,973,4082,987,3944,25,0,18,638.751207729469,1125054
"강동구","고덕1동",1230,1238,1315,2238,6021,732,2670,99,0,21,877.727272727273,1125055
"강동구","고덕2동",1207,1248,1701,2295,6451,677,2548,111,0,18,1136.94166666667,1125056
"강동구","암사2동",860,1139,1371,1554,4924,838,3711,117,0,8,1658.77314814815,1125058
"강동구","암사3동",1033,939,1017,1600,4589,576,2185,51,0,11,3386.16666666667,1125059
"강동구","천호1동",1639,2213,2018,2087,7957,1534,5332,329,0,20,812.138059701492,1125061
"강동구","천호3동",1489,2745,2471,2330,9035,1830,7474,138,0,14,1196.21180555556,1125063
"강동구","성내1동",1159,1556,1579,1813,6107,2048,17777,204,0,21,1282.05680555556,1125065
"강동구","성내2동",1338,2655,2290,2028,8311,1836,6770,104,0,17,1229.46314102564,1125066
"강동구","성내3동",1558,2071,1774,1806,7209,2439,9117,56,0,14,1172.10777777778,1125067
"강동구","둔촌1동",10,8,4,18,40,17,283,44,0,10,1339.57932062052,1125070
"강동구","둔촌2동",1666,2072,1869,1986,7593,1553,9463,80,0,31,1477.90909090909,1125071
"강동구","암사1동",2142,2708,2523,2765,10138,1918,5646,195,0,12,1362.6047008547,1125072
"강동구","천호2동",1811,3170,3233,3055,11269,3439,14208,155,0,34,1238.72179783951,1125073
"강동구","길동",2810,4378,3893,3718,14799,5037,21237,275,0,34,1119.80530821918,1125074
